Workbook
Name Slicer_Category: #N/A
Name Slicer_Months__Date: #N/A
Name Slicer_Region: #N/A

Sheet Employee_Master
A1: Emp_ID | B1: Employee_Name | C1: Department | D1: Monthly_Target
A2: EMP001 | B2: Priya Sharma | C2: Sales | D2: 633591
A3: EMP002 | B3: Priya Sharma | C3: Sales | D3: 490765
A4: EMP003 | B4: Karan Patel | C4: Sales | D4: 670368
A5: EMP004 | B5: Karan Yadav | C5: Sales | D5: 549911
A6: EMP005 | B6: Sneha Mehta | C6: Sales | D6: 541964
A7: EMP006 | B7: Anjali Jain | C7: Sales | D7: 766768
A8: EMP007 | B8: Priya Kumar | C8: Sales | D8: 450410
A9: EMP008 | B9: Pooja Verma | C9: Sales | D9: 311930
A10: EMP009 | B10: Sneha Mehta | C10: Sales | D10: 525619
A11: EMP010 | B11: Karan Kumar | C11: Sales | D11: 472725
A12: EMP011 | B12: Rohit Jain | C12: Sales | D12: 562096
A13: EMP012 | B13: Pooja Singh | C13: Sales | D13: 695716
... A101: EMP100 | B101: Neha Patel | C101: Sales | D101: 327936

Sheet Product_Master
A1: Product_ID | B1: Product_Name | C1: Category | D1: Unit_Price
A2: P001 | B2: Laptop 1 | C2: Electronics | D2: 60000
A3: P002 | B3: Mouse 2 | C3: Electronics | D3: 500
A4: P003 | B4: Keyboard 3 | C4: Electronics | D4: 1200
A5: P004 | B5: Monitor 4 | C5: Electronics | D5: 15000
A6: P005 | B6: Office Chair 5 | C6: Furniture | D6: 7000
A7: P006 | B7: Desk 6 | C7: Furniture | D7: 12000
A8: P007 | B8: Cabinet 7 | C8: Furniture | D8: 10000
A9: P008 | B9: Notebook 8 | C9: Office Supplies | D9: 100
A10: P009 | B10: Printer Paper 9 | C10: Office Supplies | D10: 300
A11: P010 | B11: Marker 10 | C11: Office Supplies | D11: 50
A12: P011 | B12: Laptop 11 | C12: Electronics | D12: 60000
A13: P012 | B13: Mouse 12 | C13: Electronics | D13: 500
... A51: P050 | B51: Marker 50 | C51: Office Supplies | D51: 50

Sheet Sales_Data
A1: Sale_ID | B1: Date | C1: Emp_ID | D1: Product_ID | E1: Region | F1: Quantity | G1: Emp_Name | H1: Product_Name | I1: Unit_Price | J1: Revenue | K1: Category | L1: Employee_Name
A2: S00001 | B2: 45683 | C2: EMP097 | D2: P050 | E2: West | F2: 19 | G2: =_xlfn.XLOOKUP(C2,Employee_Master!A:A,Employee_Master!B:B) -> Rohit Yadav | H2: =_xlfn.XLOOKUP(D2,Product_Master!A:A,Product_Master!B:B) -> Marker 50 | I2: =_xlfn.XLOOKUP(D2,Product_Master!A:A,Product_Master!D:D) -> 50 | J2: =F2*I2 -> 950 | K2: =_xlfn.XLOOKUP(D2,Product_Master!A:A,Product_Master!C:C) -> Office Supplies | L2: =_xlfn.XLOOKUP(C2,Employee_Master!A:A,Employee_Master!B:B) -> Rohit Yadav
A3: S00002 | B3: 45793 | C3: EMP097 | D3: P018 | E3: South | F3: 5 | G3: =_xlfn.XLOOKUP(C3,Employee_Master!A:A,Employee_Master!B:B) -> Rohit Yadav | H3: =_xlfn.XLOOKUP(D3,Product_Master!A:A,Product_Master!B:B) -> Notebook 18 | I3: =_xlfn.XLOOKUP(D3,Product_Master!A:A,Product_Master!D:D) -> 100 | J3: =F3*I3 -> 500 | K3: =_xlfn.XLOOKUP(D3,Product_Master!A:A,Product_Master!C:C) -> Office Supplies | L3: =_xlfn.XLOOKUP(C3,Employee_Master!A:A,Employee_Master!B:B) -> Rohit Yadav
A4: S00003 | B4: 45774 | C4: EMP041 | D4: P006 | E4: West | F4: 7 | G4: =_xlfn.XLOOKUP(C4,Employee_Master!A:A,Employee_Master!B:B) -> Karan Yadav | H4: =_xlfn.XLOOKUP(D4,Product_Master!A:A,Product_Master!B:B) -> Desk 6 | I4: =_xlfn.XLOOKUP(D4,Product_Master!A:A,Product_Master!D:D) -> 12000 | J4: =F4*I4 -> 84000 | K4: =_xlfn.XLOOKUP(D4,Product_Master!A:A,Product_Master!C:C) -> Furniture | L4: =_xlfn.XLOOKUP(C4,Employee_Master!A:A,Employee_Master!B:B) -> Karan Yadav
A5: S00004 | B5: 45829 | C5: EMP056 | D5: P020 | E5: South | F5: 6 | G5: =_xlfn.XLOOKUP(C5,Employee_Master!A:A,Employee_Master!B:B) -> Anjali Singh | H5: =_xlfn.XLOOKUP(D5,Product_Master!A:A,Product_Master!B:B) -> Marker 20 | I5: =_xlfn.XLOOKUP(D5,Product_Master!A:A,Product_Master!D:D) -> 50 | J5: =F5*I5 -> 300 | K5: =_xlfn.XLOOKUP(D5,Product_Master!A:A,Product_Master!C:C) -> Office Supplies | L5: =_xlfn.XLOOKUP(C5,Employee_Master!A:A,Employee_Master!B:B) -> Anjali Singh
A6: S00005 | B6: 45835 | C6: EMP071 | D6: P034 | E6: East | F6: 3 | G6: =_xlfn.XLOOKUP(C6,Employee_Master!A:A,Employee_Master!B:B) -> Amit Mehta | H6: =_xlfn.XLOOKUP(D6,Product_Master!A:A,Product_Master!B:B) -> Monitor 34 | I6: =_xlfn.XLOOKUP(D6,Product_Master!A:A,Product_Master!D:D) -> 15000 | J6: =F6*I6 -> 45000 | K6: =_xlfn.XLOOKUP(D6,Product_Master!A:A,Product_Master!C:C) -> Electronics | L6: =_xlfn.XLOOKUP(C6,Employee_Master!A:A,Employee_Master!B:B) -> Amit Mehta
A7: S00006 | B7: 45673 | C7: EMP051 | D7: P005 | E7: South | F7: 12 | G7: =_xlfn.XLOOKUP(C7,Employee_Master!A:A,Employee_Master!B:B) -> Rahul Singh | H7: =_xlfn.XLOOKUP(D7,Product_Master!A:A,Product_Master!B:B) -> Office Chair 5 | I7: =_xlfn.XLOOKUP(D7,Product_Master!A:A,Product_Master!D:D) -> 7000 | J7: =F7*I7 -> 84000 | K7: =_xlfn.XLOOKUP(D7,Product_Master!A:A,Product_Master!C:C) -> Furniture | L7: =_xlfn.XLOOKUP(C7,Employee_Master!A:A,Employee_Master!B:B) -> Rahul Singh
A8: S00007 | B8: 45890 | C8: EMP004 | D8: P032 | E8: West | F8: 15 | G8: =_xlfn.XLOOKUP(C8,Employee_Master!A:A,Employee_Master!B:B) -> Karan Yadav | H8: =_xlfn.XLOOKUP(D8,Product_Master!A:A,Product_Master!B:B) -> Mouse 32 | I8: =_xlfn.XLOOKUP(D8,Product_Master!A:A,Product_Master!D:D) -> 500 | J8: =F8*I8 -> 7500 | K8: =_xlfn.XLOOKUP(D8,Product_Master!A:A,Product_Master!C:C) -> Electronics | L8: =_xlfn.XLOOKUP(C8,Employee_Master!A:A,Employee_Master!B:B) -> Karan Yadav
A9: S00008 | B9: 45675 | C9: EMP097 | D9: P038 | E9: South | F9: 2 | G9: =_xlfn.XLOOKUP(C9,Employee_Master!A:A,Employee_Master!B:B) -> Rohit Yadav | H9: =_xlfn.XLOOKUP(D9,Product_Master!A:A,Product_Master!B:B) -> Notebook 38 | I9: =_xlfn.XLOOKUP(D9,Product_Master!A:A,Product_Master!D:D) -> 100 | J9: =F9*I9 -> 200 | K9: =_xlfn.XLOOKUP(D9,Product_Master!A:A,Product_Master!C:C) -> Office Supplies | L9: =_xlfn.XLOOKUP(C9,Employee_Master!A:A,Employee_Master!B:B) -> Rohit Yadav
A10: S00009 | B10: 45938 | C10: EMP067 | D10: P009 | E10: East | F10: 2 | G10: =_xlfn.XLOOKUP(C10,Employee_Master!A:A,Employee_Master!B:B) -> Anjali Sharma | H10: =_xlfn.XLOOKUP(D10,Product_Master!A:A,Product_Master!B:B) -> Printer Paper 9 | I10: =_xlfn.XLOOKUP(D10,Product_Master!A:A,Product_Master!D:D) -> 300 | J10: =F10*I10 -> 600 | K10: =_xlfn.XLOOKUP(D10,Product_Master!A:A,Product_Master!C:C) -> Office Supplies | L10: =_xlfn.XLOOKUP(C10,Employee_Master!A:A,Employee_Master!B:B) -> Anjali Sharma
A11: S00010 | B11: 45927 | C11: EMP049 | D11: P009 | E11: West | F11: 8 | G11: =_xlfn.XLOOKUP(C11,Employee_Master!A:A,Employee_Master!B:B) -> Rahul Sharma | H11: =_xlfn.XLOOKUP(D11,Product_Master!A:A,Product_Master!B:B) -> Printer Paper 9 | I11: =_xlfn.XLOOKUP(D11,Product_Master!A:A,Product_Master!D:D) -> 300 | J11: =F11*I11 -> 2400 | K11: =_xlfn.XLOOKUP(D11,Product_Master!A:A,Product_Master!C:C) -> Office Supplies | L11: =_xlfn.XLOOKUP(C11,Employee_Master!A:A,Employee_Master!B:B) -> Rahul Sharma
A12: S00011 | B12: 45730 | C12: EMP019 | D12: P006 | E12: South | F12: 20 | G12: =_xlfn.XLOOKUP(C12,Employee_Master!A:A,Employee_Master!B:B) -> Rahul Yadav | H12: =_xlfn.XLOOKUP(D12,Product_Master!A:A,Product_Master!B:B) -> Desk 6 | I12: =_xlfn.XLOOKUP(D12,Product_Master!A:A,Product_Master!D:D) -> 12000 | J12: =F12*I12 -> 240000 | K12: =_xlfn.XLOOKUP(D12,Product_Master!A:A,Product_Master!C:C) -> Furniture | L12: =_xlfn.XLOOKUP(C12,Employee_Master!A:A,Employee_Master!B:B) -> Rahul Yadav
A13: S00012 | B13: 45996 | C13: EMP077 | D13: P019 | E13: East | F13: 10 | G13: =_xlfn.XLOOKUP(C13,Employee_Master!A:A,Employee_Master!B:B) -> Rohit Jain | H13: =_xlfn.XLOOKUP(D13,Product_Master!A:A,Product_Master!B:B) -> Printer Paper 19 | I13: =_xlfn.XLOOKUP(D13,Product_Master!A:A,Product_Master!D:D) -> 300 | J13: =F13*I13 -> 3000 | K13: =_xlfn.XLOOKUP(D13,Product_Master!A:A,Product_Master!C:C) -> Office Supplies | L13: =_xlfn.XLOOKUP(C13,Employee_Master!A:A,Employee_Master!B:B) -> Rohit Jain
... A5001: S05000 | B5001: 45973 | C5001: EMP015 | D5001: P001 | E5001: East | F5001: 8 | G5001: =_xlfn.XLOOKUP(C5001,Employee_Master!A:A,Employee_Master!B:B) -> Neha Singh | H5001: =_xlfn.XLOOKUP(D5001,Product_Master!A:A,Product_Master!B:B) -> Laptop 1 | I5001: =_xlfn.XLOOKUP(D5001,Product_Master!A:A,Product_Master!D:D) -> 60000 | J5001: =F5001*I5001 -> 480000 | K5001: =_xlfn.XLOOKUP(D5001,Product_Master!A:A,Product_Master!C:C) -> Electronics | L5001: =_xlfn.XLOOKUP(C5001,Employee_Master!A:A,Employee_Master!B:B) -> Neha Singh

Sheet Emp_Performance
A1: Emp_ID | B1: Employee_Name | C1: Monthly_Target | D1: Revenue | E1: No_of_Sales | F1: Achievement_% | G1: Incentives | H1: Top_performer | I1: Region
A2: EMP001 | B2: Priya Sharma | C2: 633591 | D2: =SUMIFS(Sales_Data!J:J,Sales_Data!C:C,A2) -> 4270050 | E2: =COUNTIFS(Sales_Data!C:C,Emp_Performance!A:A) -> 39 | F2: =D2/C2 -> 6.7394423 | G2: {=_xlfn.IFS(F2>=1.2,20000, F2>=1,10000,F2>=0.8,5000,F2<=0,0,TRUE,0)} -> 20000 | H2: =INDEX(B:B,MATCH(MAX(D:D),D:D,0)) -> Rahul Gupta | I2: =_xlfn.XLOOKUP(A2,Sales_Data!C:C,Sales_Data!E:E) -> North
A3: EMP002 | B3: Priya Sharma | C3: 490765 | D3: =SUMIFS(Sales_Data!J:J,Sales_Data!C:C,A3) -> 2897400 | E3: =COUNTIFS(Sales_Data!C:C,Emp_Performance!A:A) -> 42 | F3: =D3/C3 -> 5.903844 | G3: {=_xlfn.IFS(F3>=1.2,20000, F3>=1,10000,F3>=0.8,5000,F3<=0,0,TRUE,0)} -> 20000 | I3: =_xlfn.XLOOKUP(A3,Sales_Data!C:C,Sales_Data!E:E) -> North
A4: EMP003 | B4: Karan Patel | C4: 670368 | D4: =SUMIFS(Sales_Data!J:J,Sales_Data!C:C,A4) -> 5047550 | E4: =COUNTIFS(Sales_Data!C:C,Emp_Performance!A:A) -> 49 | F4: =D4/C4 -> 7.5295211 | G4: {=_xlfn.IFS(F4>=1.2,20000, F4>=1,10000,F4>=0.8,5000,F4<=0,0,TRUE,0)} -> 20000 | I4: =_xlfn.XLOOKUP(A4,Sales_Data!C:C,Sales_Data!E:E) -> East
A5: EMP004 | B5: Karan Yadav | C5: 549911 | D5: =SUMIFS(Sales_Data!J:J,Sales_Data!C:C,A5) -> 4898450 | E5: =COUNTIFS(Sales_Data!C:C,Emp_Performance!A:A) -> 47 | F5: =D5/C5 -> 8.9077142 | G5: {=_xlfn.IFS(F5>=1.2,20000, F5>=1,10000,F5>=0.8,5000,F5<=0,0,TRUE,0)} -> 20000 | I5: =_xlfn.XLOOKUP(A5,Sales_Data!C:C,Sales_Data!E:E) -> West
A6: EMP005 | B6: Sneha Mehta | C6: 541964 | D6: =SUMIFS(Sales_Data!J:J,Sales_Data!C:C,A6) -> 4319850 | E6: =COUNTIFS(Sales_Data!C:C,Emp_Performance!A:A) -> 56 | F6: =D6/C6 -> 7.9707324 | G6: {=_xlfn.IFS(F6>=1.2,20000, F6>=1,10000,F6>=0.8,5000,F6<=0,0,TRUE,0)} -> 20000 | I6: =_xlfn.XLOOKUP(A6,Sales_Data!C:C,Sales_Data!E:E) -> South
A7: EMP006 | B7: Anjali Jain | C7: 766768 | D7: =SUMIFS(Sales_Data!J:J,Sales_Data!C:C,A7) -> 2857400 | E7: =COUNTIFS(Sales_Data!C:C,Emp_Performance!A:A) -> 48 | F7: =D7/C7 -> 3.7265509 | G7: {=_xlfn.IFS(F7>=1.2,20000, F7>=1,10000,F7>=0.8,5000,F7<=0,0,TRUE,0)} -> 20000 | I7: =_xlfn.XLOOKUP(A7,Sales_Data!C:C,Sales_Data!E:E) -> East
A8: EMP007 | B8: Priya Kumar | C8: 450410 | D8: =SUMIFS(Sales_Data!J:J,Sales_Data!C:C,A8) -> 10705400 | E8: =COUNTIFS(Sales_Data!C:C,Emp_Performance!A:A) -> 61 | F8: =D8/C8 -> 23.768122 | G8: {=_xlfn.IFS(F8>=1.2,20000, F8>=1,10000,F8>=0.8,5000,F8<=0,0,TRUE,0)} -> 20000 | I8: =_xlfn.XLOOKUP(A8,Sales_Data!C:C,Sales_Data!E:E) -> West
A9: EMP008 | B9: Pooja Verma | C9: 311930 | D9: =SUMIFS(Sales_Data!J:J,Sales_Data!C:C,A9) -> 4418100 | E9: =COUNTIFS(Sales_Data!C:C,Emp_Performance!A:A) -> 57 | F9: =D9/C9 -> 14.163755 | G9: {=_xlfn.IFS(F9>=1.2,20000, F9>=1,10000,F9>=0.8,5000,F9<=0,0,TRUE,0)} -> 20000 | I9: =_xlfn.XLOOKUP(A9,Sales_Data!C:C,Sales_Data!E:E) -> East
A10: EMP009 | B10: Sneha Mehta | C10: 525619 | D10: =SUMIFS(Sales_Data!J:J,Sales_Data!C:C,A10) -> 7578650 | E10: =COUNTIFS(Sales_Data!C:C,Emp_Performance!A:A) -> 45 | F10: =D10/C10 -> 14.418524 | G10: {=_xlfn.IFS(F10>=1.2,20000, F10>=1,10000,F10>=0.8,5000,F10<=0,0,TRUE,0)} -> 20000 | I10: =_xlfn.XLOOKUP(A10,Sales_Data!C:C,Sales_Data!E:E) -> North
A11: EMP010 | B11: Karan Kumar | C11: 472725 | D11: =SUMIFS(Sales_Data!J:J,Sales_Data!C:C,A11) -> 3696150 | E11: =COUNTIFS(Sales_Data!C:C,Emp_Performance!A:A) -> 47 | F11: =D11/C11 -> 7.8188164 | G11: {=_xlfn.IFS(F11>=1.2,20000, F11>=1,10000,F11>=0.8,5000,F11<=0,0,TRUE,0)} -> 20000 | I11: =_xlfn.XLOOKUP(A11,Sales_Data!C:C,Sales_Data!E:E) -> South
A12: EMP011 | B12: Rohit Jain | C12: 562096 | D12: =SUMIFS(Sales_Data!J:J,Sales_Data!C:C,A12) -> 6159350 | E12: =COUNTIFS(Sales_Data!C:C,Emp_Performance!A:A) -> 51 | F12: =D12/C12 -> 10.957826 | G12: {=_xlfn.IFS(F12>=1.2,20000, F12>=1,10000,F12>=0.8,5000,F12<=0,0,TRUE,0)} -> 20000 | I12: =_xlfn.XLOOKUP(A12,Sales_Data!C:C,Sales_Data!E:E) -> West
A13: EMP012 | B13: Pooja Singh | C13: 695716 | D13: =SUMIFS(Sales_Data!J:J,Sales_Data!C:C,A13) -> 3264300 | E13: =COUNTIFS(Sales_Data!C:C,Emp_Performance!A:A) -> 43 | F13: =D13/C13 -> 4.6920008 | G13: {=_xlfn.IFS(F13>=1.2,20000, F13>=1,10000,F13>=0.8,5000,F13<=0,0,TRUE,0)} -> 20000 | I13: =_xlfn.XLOOKUP(A13,Sales_Data!C:C,Sales_Data!E:E) -> East
A14: EMP013 | B14: Pooja Jain | C14: 371317 | D14: =SUMIFS(Sales_Data!J:J,Sales_Data!C:C,A14) -> 4344100 | E14: =COUNTIFS(Sales_Data!C:C,Emp_Performance!A:A) -> 39 | F14: =D14/C14 -> 11.699168 | G14: {=_xlfn.IFS(F14>=1.2,20000, F14>=1,10000,F14>=0.8,5000,F14<=0,0,TRUE,0)} -> 20000 | I14: =_xlfn.XLOOKUP(A14,Sales_Data!C:C,Sales_Data!E:E) -> South
... A101: EMP100 | B101: Neha Patel | C101: 327936 | D101: =SUMIFS(Sales_Data!J:J,Sales_Data!C:C,A101) -> 8213050 | E101: =COUNTIFS(Sales_Data!C:C,Emp_Performance!A:A) -> 54 | F101: =D101/C101 -> 25.044673 | G101: {=_xlfn.IFS(F101>=1.2,20000, F101>=1,10000,F101>=0.8,5000,F101<=0,0,TRUE,0)} -> 20000 | I101: =_xlfn.XLOOKUP(A101,Sales_Data!C:C,Sales_Data!E:E) -> West

Sheet pivot
A1: Sum of Revenue
A2: 558605800 | C2: overall achievement
C3: =A2/SUM(Emp_Performance!C:C) -> 9.8075576 | E3: Row Labels | F3: Sum of Revenue
A4: Sum of Incentives | E4: Amit Mehta | F4: 20894100
A5: 2000000 | E5: Anjali Jain | F5: 17731300
E6: Anjali Kumar | F6: 14662900
A7: Count of Sale_ID | E7: Karan Yadav | F7: 14803600
A8: 3519 | E8: Neha Gupta | F8: 14627500
E9: Pooja Jain | F9: 20143200
A10: Sum of Revenue | B10: Count of Emp_ID | E10: Priya Kumar | F10: 22908600
A11: 560916050 | B11: 100 | E11: Rahul Gupta | F11: 22282100
E12: Rohit Jain | F12: 16646900
A13: =A2/B11 -> 5586058 | E13: Sneha Mehta | F13: 18004400
E14: Grand Total | F14: 182704600
E24: Row Labels | F24: Sum of Revenue
E25: East | F25: 131729900
E26: North | F26: 149520300
E27: South | F27: 137705200
E28: West | F28: 139650400
E29: Grand Total | F29: 558605800
E39: Row Labels | F39: Sum of Revenue
E40: Electronics | F40: 407192800
E41: Furniture | F41: 151413000
E42: Grand Total | F42: 558605800
D57: Row Labels | E57: Sum of Revenue
D58: Jan | E58: 46836400
D59: Feb | E59: 34393000
D60: Mar | E60: 38159400
D61: Apr | E61: 42023900
D62: May | E62: 51855800
D63: Jun | E63: 44888800
D64: Jul | E64: 45073700
D65: Aug | E65: 44819300
D66: Sep | E66: 39440100
D67: Oct | E67: 56277200
D68: Nov | E68: 50984400
D69: Dec | E69: 63853800
D70: Grand Total | E70: 558605800

Sheet Dashboard
